{
  "symmetric 2%/2% (baseline prototype)": {
    "t_hi": 0.9745967741935484,
    "t_lo": 0.04657370699475963,
    "frac_accept": 0.24608150470219436,
    "frac_reject": 0.26802507836990597,
    "frac_abstain": 0.48589341692789967,
    "n_accept": 157,
    "n_reject": 171,
    "n_abstain": 310,
    "precision_auto_accept": 0.9936305732484076,
    "fatal_errors_TP_auto_rejected": 0,
    "recall_counting_abstain_as_human": 1.0,
    "false_accepts_in_auto_accept": 1,
    "alpha_reject": 0.02,
    "alpha_accept": 0.02
  },
  "reject-risk 1%, accept-risk 5%": {
    "t_hi": 0.7018659706242525,
    "t_lo": 0.016270676691729324,
    "frac_accept": 0.38087774294670845,
    "frac_reject": 0.2445141065830721,
    "frac_abstain": 0.37460815047021945,
    "n_accept": 243,
    "n_reject": 156,
    "n_abstain": 239,
    "precision_auto_accept": 0.9917695473251029,
    "fatal_errors_TP_auto_rejected": 0,
    "recall_counting_abstain_as_human": 1.0,
    "false_accepts_in_auto_accept": 2,
    "alpha_reject": 0.01,
    "alpha_accept": 0.05
  },
  "reject-risk 0.5%, accept-risk 5%": {
    "t_hi": 0.7018659706242525,
    "t_lo": 0.0047619047619047615,
    "frac_accept": 0.38087774294670845,
    "frac_reject": 0.02821316614420063,
    "frac_abstain": 0.5909090909090909,
    "n_accept": 243,
    "n_reject": 18,
    "n_abstain": 377,
    "precision_auto_accept": 0.9917695473251029,
    "fatal_errors_TP_auto_rejected": 0,
    "recall_counting_abstain_as_human": 1.0,
    "false_accepts_in_auto_accept": 2,
    "alpha_reject": 0.005,
    "alpha_accept": 0.05
  },
  "reject-risk 1%, accept-risk 10%": {
    "t_hi": 0.2744611528822055,
    "t_lo": 0.016270676691729324,
    "frac_accept": 0.4043887147335423,
    "frac_reject": 0.2445141065830721,
    "frac_abstain": 0.3510971786833856,
    "n_accept": 258,
    "n_reject": 156,
    "n_abstain": 224,
    "precision_auto_accept": 0.9573643410852714,
    "fatal_errors_TP_auto_rejected": 0,
    "recall_counting_abstain_as_human": 1.0,
    "false_accepts_in_auto_accept": 11,
    "alpha_reject": 0.01,
    "alpha_accept": 0.1
  }
}