{
  "symmetric 2%/2% (baseline prototype)": {
    "t_hi": 0.9745967741935484,
    "t_lo": 0.04657370699475963,
    "frac_accept": 0.31191222570532917,
    "frac_reject": 0.5062695924764891,
    "frac_abstain": 0.18181818181818182,
    "n_accept": 199,
    "n_reject": 323,
    "n_abstain": 116,
    "precision_auto_accept": 0.9949748743718593,
    "fatal_errors_TP_auto_rejected": 0,
    "recall_counting_abstain_as_human": 1.0,
    "false_accepts_in_auto_accept": 1,
    "alpha_reject": 0.02,
    "alpha_accept": 0.02
  },
  "reject-risk 1%, accept-risk 5%": {
    "t_hi": 0.7018659706242525,
    "t_lo": 0.016270676691729324,
    "frac_accept": 0.38087774294670845,
    "frac_reject": 0.26802507836990597,
    "frac_abstain": 0.3510971786833856,
    "n_accept": 243,
    "n_reject": 171,
    "n_abstain": 224,
    "precision_auto_accept": 0.9917695473251029,
    "fatal_errors_TP_auto_rejected": 0,
    "recall_counting_abstain_as_human": 1.0,
    "false_accepts_in_auto_accept": 2,
    "alpha_reject": 0.01,
    "alpha_accept": 0.05
  },
  "reject-risk 0.5%, accept-risk 5%": {
    "t_hi": 0.7018659706242525,
    "t_lo": 0.0047619047619047615,
    "frac_accept": 0.38087774294670845,
    "frac_reject": 0.054858934169279,
    "frac_abstain": 0.5642633228840125,
    "n_accept": 243,
    "n_reject": 35,
    "n_abstain": 360,
    "precision_auto_accept": 0.9917695473251029,
    "fatal_errors_TP_auto_rejected": 0,
    "recall_counting_abstain_as_human": 1.0,
    "false_accepts_in_auto_accept": 2,
    "alpha_reject": 0.005,
    "alpha_accept": 0.05
  },
  "reject-risk 1%, accept-risk 10%": {
    "t_hi": 0.2744611528822055,
    "t_lo": 0.016270676691729324,
    "frac_accept": 0.4090909090909091,
    "frac_reject": 0.26802507836990597,
    "frac_abstain": 0.322884012539185,
    "n_accept": 261,
    "n_reject": 171,
    "n_abstain": 206,
    "precision_auto_accept": 0.9540229885057471,
    "fatal_errors_TP_auto_rejected": 0,
    "recall_counting_abstain_as_human": 1.0,
    "false_accepts_in_auto_accept": 12,
    "alpha_reject": 0.01,
    "alpha_accept": 0.1
  }
}